{
  "arc_challenge": {
    "alias": "arc_challenge",
    "acc,none": 0.20136518771331058,
    "acc_stderr,none": 0.011718927477444347,
    "acc_norm,none": 0.26535836177474403,
    "acc_norm_stderr,none": 0.012902554762313832
  },
  "hellaswag": {
    "alias": "hellaswag",
    "acc,none": 0.2608046205935073,
    "acc_stderr,none": 0.00438176194155244,
    "acc_norm,none": 0.261202947619996,
    "acc_norm_stderr,none": 0.004383925147478856
  },
  "mmlu": {
    "acc,none": 0.23030907278165502,
    "acc_stderr,none": 0.003546885317942607,
    "alias": "mmlu"
  },
  "mmlu_humanities": {
    "acc,none": 0.24378320935175346,
    "acc_stderr,none": 0.006257263173882145,
    "alias": " - humanities"
  },
  "mmlu_formal_logic": {
    "alias": "  - formal_logic",
    "acc,none": 0.2857142857142857,
    "acc_stderr,none": 0.04040610178208843
  },
  "mmlu_high_school_european_history": {
    "alias": "  - high_school_european_history",
    "acc,none": 0.21818181818181817,
    "acc_stderr,none": 0.032250781083062896
  },
  "mmlu_high_school_us_history": {
    "alias": "  - high_school_us_history",
    "acc,none": 0.25,
    "acc_stderr,none": 0.03039153369274154
  },
  "mmlu_high_school_world_history": {
    "alias": "  - high_school_world_history",
    "acc,none": 0.270042194092827,
    "acc_stderr,none": 0.02890072190629346
  },
  "mmlu_international_law": {
    "alias": "  - international_law",
    "acc,none": 0.2396694214876033,
    "acc_stderr,none": 0.03896878985070412
  },
  "mmlu_jurisprudence": {
    "alias": "  - jurisprudence",
    "acc,none": 0.25925925925925924,
    "acc_stderr,none": 0.042365112580946315
  },
  "mmlu_logical_fallacies": {
    "alias": "  - logical_fallacies",
    "acc,none": 0.22085889570552147,
    "acc_stderr,none": 0.032591773927421734
  },
  "mmlu_moral_disputes": {
    "alias": "  - moral_disputes",
    "acc,none": 0.2514450867052023,
    "acc_stderr,none": 0.023357365785874006
  },
  "mmlu_moral_scenarios": {
    "alias": "  - moral_scenarios",
    "acc,none": 0.23798882681564246,
    "acc_stderr,none": 0.014242630070574904
  },
  "mmlu_philosophy": {
    "alias": "  - philosophy",
    "acc,none": 0.1864951768488746,
    "acc_stderr,none": 0.022122439772480733
  },
  "mmlu_prehistory": {
    "alias": "  - prehistory",
    "acc,none": 0.21604938271604937,
    "acc_stderr,none": 0.02289916291844576
  },
  "mmlu_professional_law": {
    "alias": "  - professional_law",
    "acc,none": 0.2503259452411995,
    "acc_stderr,none": 0.011064151027165346
  },
  "mmlu_world_religions": {
    "alias": "  - world_religions",
    "acc,none": 0.3216374269005848,
    "acc_stderr,none": 0.03582529442573121
  },
  "mmlu_other": {
    "acc,none": 0.24074670099774703,
    "acc_stderr,none": 0.007650615338424818,
    "alias": " - other"
  },
  "mmlu_business_ethics": {
    "alias": "  - business_ethics",
    "acc,none": 0.32,
    "acc_stderr,none": 0.04688261722621507
  },
  "mmlu_clinical_knowledge": {
    "alias": "  - clinical_knowledge",
    "acc,none": 0.21509433962264152,
    "acc_stderr,none": 0.02528839450289141
  },
  "mmlu_college_medicine": {
    "alias": "  - college_medicine",
    "acc,none": 0.2023121387283237,
    "acc_stderr,none": 0.030631145539198767
  },
  "mmlu_global_facts": {
    "alias": "  - global_facts",
    "acc,none": 0.21,
    "acc_stderr,none": 0.040936018074033236
  },
  "mmlu_human_aging": {
    "alias": "  - human_aging",
    "acc,none": 0.3273542600896861,
    "acc_stderr,none": 0.0314938467099413
  },
  "mmlu_management": {
    "alias": "  - management",
    "acc,none": 0.1650485436893204,
    "acc_stderr,none": 0.036756688322331865
  },
  "mmlu_marketing": {
    "alias": "  - marketing",
    "acc,none": 0.2863247863247863,
    "acc_stderr,none": 0.029614323690456627
  },
  "mmlu_medical_genetics": {
    "alias": "  - medical_genetics",
    "acc,none": 0.28,
    "acc_stderr,none": 0.045126085985421296
  },
  "mmlu_miscellaneous": {
    "alias": "  - miscellaneous",
    "acc,none": 0.23754789272030652,
    "acc_stderr,none": 0.015218733046150228
  },
  "mmlu_nutrition": {
    "alias": "  - nutrition",
    "acc,none": 0.2222222222222222,
    "acc_stderr,none": 0.023805186524888222
  },
  "mmlu_professional_accounting": {
    "alias": "  - professional_accounting",
    "acc,none": 0.23404255319148937,
    "acc_stderr,none": 0.025257861359432372
  },
  "mmlu_professional_medicine": {
    "alias": "  - professional_medicine",
    "acc,none": 0.1875,
    "acc_stderr,none": 0.023709788253811766
  },
  "mmlu_virology": {
    "alias": "  - virology",
    "acc,none": 0.28313253012048195,
    "acc_stderr,none": 0.035072954313705176
  },
  "mmlu_social_sciences": {
    "acc,none": 0.21774455638609036,
    "acc_stderr,none": 0.007434997772092555,
    "alias": " - social sciences"
  },
  "mmlu_econometrics": {
    "alias": "  - econometrics",
    "acc,none": 0.23684210526315788,
    "acc_stderr,none": 0.03999423879281335
  },
  "mmlu_high_school_geography": {
    "alias": "  - high_school_geography",
    "acc,none": 0.17676767676767677,
    "acc_stderr,none": 0.027178752639044908
  },
  "mmlu_high_school_government_and_politics": {
    "alias": "  - high_school_government_and_politics",
    "acc,none": 0.19170984455958548,
    "acc_stderr,none": 0.028408953626245216
  },
  "mmlu_high_school_macroeconomics": {
    "alias": "  - high_school_macroeconomics",
    "acc,none": 0.2076923076923077,
    "acc_stderr,none": 0.020567539567246756
  },
  "mmlu_high_school_microeconomics": {
    "alias": "  - high_school_microeconomics",
    "acc,none": 0.20168067226890757,
    "acc_stderr,none": 0.026064313406304485
  },
  "mmlu_high_school_psychology": {
    "alias": "  - high_school_psychology",
    "acc,none": 0.1926605504587156,
    "acc_stderr,none": 0.016909276884936104
  },
  "mmlu_human_sexuality": {
    "alias": "  - human_sexuality",
    "acc,none": 0.26717557251908397,
    "acc_stderr,none": 0.03880848301082397
  },
  "mmlu_professional_psychology": {
    "alias": "  - professional_psychology",
    "acc,none": 0.25163398692810457,
    "acc_stderr,none": 0.017555818091322294
  },
  "mmlu_public_relations": {
    "alias": "  - public_relations",
    "acc,none": 0.21818181818181817,
    "acc_stderr,none": 0.03955932861795833
  },
  "mmlu_security_studies": {
    "alias": "  - security_studies",
    "acc,none": 0.18775510204081633,
    "acc_stderr,none": 0.025000256039546167
  },
  "mmlu_sociology": {
    "alias": "  - sociology",
    "acc,none": 0.24875621890547264,
    "acc_stderr,none": 0.030567675938916686
  },
  "mmlu_us_foreign_policy": {
    "alias": "  - us_foreign_policy",
    "acc,none": 0.28,
    "acc_stderr,none": 0.045126085985421296
  },
  "mmlu_stem": {
    "acc,none": 0.21217887725975262,
    "acc_stderr,none": 0.007269207913068609,
    "alias": " - stem"
  },
  "mmlu_abstract_algebra": {
    "alias": "  - abstract_algebra",
    "acc,none": 0.22,
    "acc_stderr,none": 0.041633319989322654
  },
  "mmlu_anatomy": {
    "alias": "  - anatomy",
    "acc,none": 0.18518518518518517,
    "acc_stderr,none": 0.03355677216313144
  },
  "mmlu_astronomy": {
    "alias": "  - astronomy",
    "acc,none": 0.18421052631578946,
    "acc_stderr,none": 0.031546980450822305
  },
  "mmlu_college_biology": {
    "alias": "  - college_biology",
    "acc,none": 0.24305555555555555,
    "acc_stderr,none": 0.03586879280080337
  },
  "mmlu_college_chemistry": {
    "alias": "  - college_chemistry",
    "acc,none": 0.2,
    "acc_stderr,none": 0.04020151261036849
  },
  "mmlu_college_computer_science": {
    "alias": "  - college_computer_science",
    "acc,none": 0.24,
    "acc_stderr,none": 0.04292346959909278
  },
  "mmlu_college_mathematics": {
    "alias": "  - college_mathematics",
    "acc,none": 0.19,
    "acc_stderr,none": 0.039427724440366255
  },
  "mmlu_college_physics": {
    "alias": "  - college_physics",
    "acc,none": 0.21568627450980393,
    "acc_stderr,none": 0.04092563958237658
  },