{
  "arc_challenge": {
    "alias": "arc_challenge",
    "acc,none": 0.20819112627986347,
    "acc_stderr,none": 0.011864866118448116,
    "acc_norm,none": 0.26621160409556316,
    "acc_norm_stderr,none": 0.012915774781523113
  },
  "hellaswag": {
    "alias": "hellaswag",
    "acc,none": 0.2560246962756423,
    "acc_stderr,none": 0.004355436696716235,
    "acc_norm,none": 0.26767576180043817,
    "acc_norm_stderr,none": 0.0044184276132970815
  },
  "mmlu": {
    "acc,none": 0.22874234439538527,
    "acc_stderr,none": 0.003538218965522178,
    "alias": "mmlu"
  },
  "mmlu_humanities": {
    "acc,none": 0.24208289054197663,
    "acc_stderr,none": 0.006243469381622963,
    "alias": " - humanities"
  },
  "mmlu_formal_logic": {
    "alias": "  - formal_logic",
    "acc,none": 0.2857142857142857,
    "acc_stderr,none": 0.04040610178208843
  },
  "mmlu_high_school_european_history": {
    "alias": "  - high_school_european_history",
    "acc,none": 0.21818181818181817,
    "acc_stderr,none": 0.032250781083062896
  },
  "mmlu_high_school_us_history": {
    "alias": "  - high_school_us_history",
    "acc,none": 0.25,
    "acc_stderr,none": 0.03039153369274154
  },
  "mmlu_high_school_world_history": {
    "alias": "  - high_school_world_history",
    "acc,none": 0.270042194092827,
    "acc_stderr,none": 0.02890072190629346
  },
  "mmlu_international_law": {
    "alias": "  - international_law",
    "acc,none": 0.2396694214876033,
    "acc_stderr,none": 0.03896878985070412
  },
  "mmlu_jurisprudence": {
    "alias": "  - jurisprudence",
    "acc,none": 0.25925925925925924,
    "acc_stderr,none": 0.042365112580946315
  },
  "mmlu_logical_fallacies": {
    "alias": "  - logical_fallacies",
    "acc,none": 0.22085889570552147,
    "acc_stderr,none": 0.032591773927421734
  },
  "mmlu_moral_disputes": {
    "alias": "  - moral_disputes",
    "acc,none": 0.24277456647398843,
    "acc_stderr,none": 0.02308365858698422
  },
  "mmlu_moral_scenarios": {
    "alias": "  - moral_scenarios",
    "acc,none": 0.23798882681564246,
    "acc_stderr,none": 0.014242630070574904
  },
  "mmlu_philosophy": {
    "alias": "  - philosophy",
    "acc,none": 0.18971061093247588,
    "acc_stderr,none": 0.0222681962587832
  },
  "mmlu_prehistory": {
    "alias": "  - prehistory",
    "acc,none": 0.2222222222222222,
    "acc_stderr,none": 0.023132376234543416
  },
  "mmlu_professional_law": {
    "alias": "  - professional_law",
    "acc,none": 0.24511082138200782,
    "acc_stderr,none": 0.010986307870045522
  },
  "mmlu_world_religions": {
    "alias": "  - world_religions",
    "acc,none": 0.3216374269005848,
    "acc_stderr,none": 0.03582529442573121
  },
  "mmlu_other": {
    "acc,none": 0.2378500160926939,
    "acc_stderr,none": 0.007615958592914938,
    "alias": " - other"
  },
  "mmlu_business_ethics": {
    "alias": "  - business_ethics",
    "acc,none": 0.3,
    "acc_stderr,none": 0.04605661864718382
  },
  "mmlu_clinical_knowledge": {
    "alias": "  - clinical_knowledge",
    "acc,none": 0.22264150943396227,
    "acc_stderr,none": 0.025604233470899053
  },
  "mmlu_college_medicine": {
    "alias": "  - college_medicine",
    "acc,none": 0.2023121387283237,
    "acc_stderr,none": 0.030631145539198767
  },
  "mmlu_global_facts": {
    "alias": "  - global_facts",
    "acc,none": 0.16,
    "acc_stderr,none": 0.03684529491774706
  },
  "mmlu_human_aging": {
    "alias": "  - human_aging",
    "acc,none": 0.3183856502242152,
    "acc_stderr,none": 0.03126580522513711
  },
  "mmlu_management": {
    "alias": "  - management",
    "acc,none": 0.1650485436893204,
    "acc_stderr,none": 0.036756688322331865
  },
  "mmlu_marketing": {
    "alias": "  - marketing",
    "acc,none": 0.2863247863247863,
    "acc_stderr,none": 0.029614323690456627
  },
  "mmlu_medical_genetics": {
    "alias": "  - medical_genetics",
    "acc,none": 0.31,
    "acc_stderr,none": 0.04648231987117317
  },
  "mmlu_miscellaneous": {
    "alias": "  - miscellaneous",
    "acc,none": 0.23243933588761176,
    "acc_stderr,none": 0.015104550008905652
  },
  "mmlu_nutrition": {
    "alias": "  - nutrition",
    "acc,none": 0.22875816993464052,
    "acc_stderr,none": 0.02405102973991231
  },
  "mmlu_professional_accounting": {
    "alias": "  - professional_accounting",
    "acc,none": 0.23049645390070922,
    "acc_stderr,none": 0.025123739226872346
  },
  "mmlu_professional_medicine": {
    "alias": "  - professional_medicine",
    "acc,none": 0.1801470588235294,
    "acc_stderr,none": 0.0233451636165449
  },
  "mmlu_virology": {
    "alias": "  - virology",
    "acc,none": 0.28313253012048195,
    "acc_stderr,none": 0.035072954313705176
  },
  "mmlu_social_sciences": {
    "acc,none": 0.21741956451088723,
    "acc_stderr,none": 0.007429359226529129,
    "alias": " - social sciences"
  },
  "mmlu_econometrics": {
    "alias": "  - econometrics",
    "acc,none": 0.2543859649122807,
    "acc_stderr,none": 0.04096985139843672
  },
  "mmlu_high_school_geography": {
    "alias": "  - high_school_geography",
    "acc,none": 0.17676767676767677,
    "acc_stderr,none": 0.027178752639044908
  },
  "mmlu_high_school_government_and_politics": {
    "alias": "  - high_school_government_and_politics",
    "acc,none": 0.20207253886010362,
    "acc_stderr,none": 0.028979089794296756
  },
  "mmlu_high_school_macroeconomics": {
    "alias": "  - high_school_macroeconomics",
    "acc,none": 0.19743589743589743,
    "acc_stderr,none": 0.02018264696867478
  },
  "mmlu_high_school_microeconomics": {
    "alias": "  - high_school_microeconomics",
    "acc,none": 0.20168067226890757,
    "acc_stderr,none": 0.026064313406304485
  },
  "mmlu_high_school_psychology": {
    "alias": "  - high_school_psychology",
    "acc,none": 0.1926605504587156,
    "acc_stderr,none": 0.016909276884936104
  },
  "mmlu_human_sexuality": {
    "alias": "  - human_sexuality",
    "acc,none": 0.26717557251908397,
    "acc_stderr,none": 0.03880848301082397
  },
  "mmlu_professional_psychology": {
    "alias": "  - professional_psychology",
    "acc,none": 0.25326797385620914,
    "acc_stderr,none": 0.017593486895366887
  },
  "mmlu_public_relations": {
    "alias": "  - public_relations",
    "acc,none": 0.21818181818181817,
    "acc_stderr,none": 0.03955932861795833
  },
  "mmlu_security_studies": {
    "alias": "  - security_studies",
    "acc,none": 0.1836734693877551,
    "acc_stderr,none": 0.024789071332007633
  },
  "mmlu_sociology": {
    "alias": "  - sociology",
    "acc,none": 0.24378109452736318,
    "acc_stderr,none": 0.03036049015401464
  },
  "mmlu_us_foreign_policy": {
    "alias": "  - us_foreign_policy",
    "acc,none": 0.28,
    "acc_stderr,none": 0.045126085985421296
  },
  "mmlu_stem": {
    "acc,none": 0.21091024421186172,
    "acc_stderr,none": 0.007252658852688078,
    "alias": " - stem"
  },
  "mmlu_abstract_algebra": {
    "alias": "  - abstract_algebra",
    "acc,none": 0.22,
    "acc_stderr,none": 0.041633319989322654
  },
  "mmlu_anatomy": {
    "alias": "  - anatomy",
    "acc,none": 0.2,
    "acc_stderr,none": 0.03455473702325441
  },
  "mmlu_astronomy": {
    "alias": "  - astronomy",
    "acc,none": 0.17105263157894737,
    "acc_stderr,none": 0.030643607071677115
  },
  "mmlu_college_biology": {
    "alias": "  - college_biology",
    "acc,none": 0.2569444444444444,
    "acc_stderr,none": 0.03653946969442102
  },
  "mmlu_college_chemistry": {
    "alias": "  - college_chemistry",
    "acc,none": 0.17,
    "acc_stderr,none": 0.03775251680686369
  },
  "mmlu_college_computer_science": {
    "alias": "  - college_computer_science",
    "acc,none": 0.26,
    "acc_stderr,none": 0.0440844002276808
  },
  "mmlu_college_mathematics": {
    "alias": "  - college_mathematics",
    "acc,none": 0.23,
    "acc_stderr,none": 0.04229525846816507
  },
  "mmlu_college_physics": {
    "alias": "  - college_physics",
    "acc,none": 0.22549019607843138,
    "acc_stderr,none": 0.04158307533083289
  },