{
  "arc_challenge": {
    "alias": "arc_challenge",
    "acc,none": 0.16723549488054607,
    "acc_stderr,none": 0.01090553272460123,
    "acc_norm,none": 0.2235494880546075,
    "acc_norm_stderr,none": 0.012174896631202666
  },
  "hellaswag": {
    "alias": "hellaswag",
    "acc,none": 0.26946823341963755,
    "acc_stderr,none": 0.0044277679963018075,
    "acc_norm,none": 0.29356701852220674,
    "acc_norm_stderr,none": 0.004544651976040329
  },
  "mmlu": {
    "acc,none": 0.22959692351516878,
    "acc_stderr,none": 0.0035436464901366163,
    "alias": "mmlu"
  },
  "mmlu_humanities": {
    "acc,none": 0.2414452709883103,
    "acc_stderr,none": 0.006236745415766709,
    "alias": " - humanities"
  },
  "mmlu_formal_logic": {
    "alias": "  - formal_logic",
    "acc,none": 0.29365079365079366,
    "acc_stderr,none": 0.04073524322147127
  },
  "mmlu_high_school_european_history": {
    "alias": "  - high_school_european_history",
    "acc,none": 0.21818181818181817,
    "acc_stderr,none": 0.032250781083062896
  },
  "mmlu_high_school_us_history": {
    "alias": "  - high_school_us_history",
    "acc,none": 0.25,
    "acc_stderr,none": 0.03039153369274154
  },
  "mmlu_high_school_world_history": {
    "alias": "  - high_school_world_history",
    "acc,none": 0.270042194092827,
    "acc_stderr,none": 0.02890072190629346
  },
  "mmlu_international_law": {
    "alias": "  - international_law",
    "acc,none": 0.2396694214876033,
    "acc_stderr,none": 0.03896878985070412
  },
  "mmlu_jurisprudence": {
    "alias": "  - jurisprudence",
    "acc,none": 0.25,
    "acc_stderr,none": 0.04186091791394607
  },
  "mmlu_logical_fallacies": {
    "alias": "  - logical_fallacies",
    "acc,none": 0.22085889570552147,
    "acc_stderr,none": 0.032591773927421734
  },
  "mmlu_moral_disputes": {
    "alias": "  - moral_disputes",
    "acc,none": 0.24855491329479767,
    "acc_stderr,none": 0.023267528432100153
  },
  "mmlu_moral_scenarios": {
    "alias": "  - moral_scenarios",
    "acc,none": 0.23575418994413408,
    "acc_stderr,none": 0.014196375686290773
  },
  "mmlu_philosophy": {
    "alias": "  - philosophy",
    "acc,none": 0.1864951768488746,
    "acc_stderr,none": 0.022122439772480733
  },
  "mmlu_prehistory": {
    "alias": "  - prehistory",
    "acc,none": 0.21604938271604937,
    "acc_stderr,none": 0.02289916291844576
  },
  "mmlu_professional_law": {
    "alias": "  - professional_law",
    "acc,none": 0.24511082138200782,
    "acc_stderr,none": 0.010986307870045522
  },
  "mmlu_world_religions": {
    "alias": "  - world_religions",
    "acc,none": 0.3216374269005848,
    "acc_stderr,none": 0.03582529442573121
  },
  "mmlu_other": {
    "acc,none": 0.24010299324106857,
    "acc_stderr,none": 0.0076457051879776205,
    "alias": " - other"
  },
  "mmlu_business_ethics": {
    "alias": "  - business_ethics",
    "acc,none": 0.3,
    "acc_stderr,none": 0.04605661864718382
  },
  "mmlu_clinical_knowledge": {
    "alias": "  - clinical_knowledge",
    "acc,none": 0.21509433962264152,
    "acc_stderr,none": 0.02528839450289141
  },
  "mmlu_college_medicine": {
    "alias": "  - college_medicine",
    "acc,none": 0.20809248554913296,
    "acc_stderr,none": 0.030952890217749857
  },
  "mmlu_global_facts": {
    "alias": "  - global_facts",
    "acc,none": 0.18,
    "acc_stderr,none": 0.03861229196653691
  },
  "mmlu_human_aging": {
    "alias": "  - human_aging",
    "acc,none": 0.31390134529147984,
    "acc_stderr,none": 0.031146796482972486
  },
  "mmlu_management": {
    "alias": "  - management",
    "acc,none": 0.17475728155339806,
    "acc_stderr,none": 0.03760178006026618
  },
  "mmlu_marketing": {
    "alias": "  - marketing",
    "acc,none": 0.2948717948717949,
    "acc_stderr,none": 0.02987257770889111
  },
  "mmlu_medical_genetics": {
    "alias": "  - medical_genetics",
    "acc,none": 0.3,
    "acc_stderr,none": 0.04605661864718382
  },
  "mmlu_miscellaneous": {
    "alias": "  - miscellaneous",
    "acc,none": 0.23754789272030652,
    "acc_stderr,none": 0.015218733046150228
  },
  "mmlu_nutrition": {
    "alias": "  - nutrition",
    "acc,none": 0.22549019607843138,
    "acc_stderr,none": 0.023929155517351218
  },
  "mmlu_professional_accounting": {
    "alias": "  - professional_accounting",
    "acc,none": 0.23049645390070922,
    "acc_stderr,none": 0.025123739226872346
  },
  "mmlu_professional_medicine": {
    "alias": "  - professional_medicine",
    "acc,none": 0.1875,
    "acc_stderr,none": 0.023709788253811766
  },
  "mmlu_virology": {
    "alias": "  - virology",
    "acc,none": 0.28313253012048195,
    "acc_stderr,none": 0.035072954313705176
  },
  "mmlu_social_sciences": {
    "acc,none": 0.2183945401364966,
    "acc_stderr,none": 0.0074456596552928255,
    "alias": " - social sciences"
  },
  "mmlu_econometrics": {
    "alias": "  - econometrics",
    "acc,none": 0.24561403508771928,
    "acc_stderr,none": 0.040493392977481425
  },
  "mmlu_high_school_geography": {
    "alias": "  - high_school_geography",
    "acc,none": 0.18181818181818182,
    "acc_stderr,none": 0.027479603010538815
  },
  "mmlu_high_school_government_and_politics": {
    "alias": "  - high_school_government_and_politics",
    "acc,none": 0.19689119170984457,
    "acc_stderr,none": 0.028697873971860723
  },
  "mmlu_high_school_macroeconomics": {
    "alias": "  - high_school_macroeconomics",
    "acc,none": 0.20512820512820512,
    "acc_stderr,none": 0.02047323317355194
  },
  "mmlu_high_school_microeconomics": {
    "alias": "  - high_school_microeconomics",
    "acc,none": 0.21428571428571427,
    "acc_stderr,none": 0.026653531596715505
  },
  "mmlu_high_school_psychology": {
    "alias": "  - high_school_psychology",
    "acc,none": 0.1944954128440367,
    "acc_stderr,none": 0.016970289090458102
  },
  "mmlu_human_sexuality": {
    "alias": "  - human_sexuality",
    "acc,none": 0.2595419847328244,
    "acc_stderr,none": 0.03844876139785267
  },
  "mmlu_professional_psychology": {
    "alias": "  - professional_psychology",
    "acc,none": 0.25,
    "acc_stderr,none": 0.01751781884501444
  },
  "mmlu_public_relations": {
    "alias": "  - public_relations",
    "acc,none": 0.20909090909090908,
    "acc_stderr,none": 0.03895091015724137
  },
  "mmlu_security_studies": {
    "alias": "  - security_studies",
    "acc,none": 0.18775510204081633,
    "acc_stderr,none": 0.025000256039546167
  },
  "mmlu_sociology": {
    "alias": "  - sociology",
    "acc,none": 0.24378109452736318,
    "acc_stderr,none": 0.03036049015401464
  },
  "mmlu_us_foreign_policy": {
    "alias": "  - us_foreign_policy",
    "acc,none": 0.28,
    "acc_stderr,none": 0.045126085985421296
  },
  "mmlu_stem": {
    "acc,none": 0.21249603552172533,
    "acc_stderr,none": 0.007271818050956626,
    "alias": " - stem"
  },
  "mmlu_abstract_algebra": {
    "alias": "  - abstract_algebra",
    "acc,none": 0.22,
    "acc_stderr,none": 0.041633319989322654
  },
  "mmlu_anatomy": {
    "alias": "  - anatomy",
    "acc,none": 0.18518518518518517,
    "acc_stderr,none": 0.03355677216313144
  },
  "mmlu_astronomy": {
    "alias": "  - astronomy",
    "acc,none": 0.17763157894736842,
    "acc_stderr,none": 0.031103182383123377
  },
  "mmlu_college_biology": {
    "alias": "  - college_biology",
    "acc,none": 0.2569444444444444,
    "acc_stderr,none": 0.03653946969442102
  },
  "mmlu_college_chemistry": {
    "alias": "  - college_chemistry",
    "acc,none": 0.19,
    "acc_stderr,none": 0.039427724440366255
  },
  "mmlu_college_computer_science": {
    "alias": "  - college_computer_science",
    "acc,none": 0.27,
    "acc_stderr,none": 0.04461960433384737
  },
  "mmlu_college_mathematics": {
    "alias": "  - college_mathematics",
    "acc,none": 0.21,
    "acc_stderr,none": 0.040936018074033236
  },
  "mmlu_college_physics": {
    "alias": "  - college_physics",
    "acc,none": 0.21568627450980393,
    "acc_stderr,none": 0.04092563958237658
  },