{
  "arc_challenge": {
    "alias": "arc_challenge",
    "acc,none": 0.26109215017064846,
    "acc_stderr,none": 0.012835523909473708,
    "acc_norm,none": 0.2909556313993174,
    "acc_norm_stderr,none": 0.013273077865907774
  },
  "hellaswag": {
    "alias": "hellaswag",
    "acc,none": 0.34176458872734516,
    "acc_stderr,none": 0.004733317847006488,
    "acc_norm,none": 0.4320852419836686,
    "acc_norm_stderr,none": 0.004943537242344381
  },
  "mmlu": {
    "acc,none": 0.3887622845748469,
    "acc_stderr,none": 0.004066242806314901,
    "alias": "mmlu"
  },
  "mmlu_humanities": {
    "acc,none": 0.34580233793836346,
    "acc_stderr,none": 0.0068763551687705485,
    "alias": " - humanities"
  },
  "mmlu_formal_logic": {
    "alias": "  - formal_logic",
    "acc,none": 0.38095238095238093,
    "acc_stderr,none": 0.043435254289490965
  },
  "mmlu_high_school_european_history": {
    "alias": "  - high_school_european_history",
    "acc,none": 0.5212121212121212,
    "acc_stderr,none": 0.03900828913737299
  },
  "mmlu_high_school_us_history": {
    "alias": "  - high_school_us_history",
    "acc,none": 0.4215686274509804,
    "acc_stderr,none": 0.03465868196380755
  },
  "mmlu_high_school_world_history": {
    "alias": "  - high_school_world_history",
    "acc,none": 0.4050632911392405,
    "acc_stderr,none": 0.031955147413706704
  },
  "mmlu_international_law": {
    "alias": "  - international_law",
    "acc,none": 0.45454545454545453,
    "acc_stderr,none": 0.04545454545454545
  },
  "mmlu_jurisprudence": {
    "alias": "  - jurisprudence",
    "acc,none": 0.39814814814814814,
    "acc_stderr,none": 0.04732332615978811
  },
  "mmlu_logical_fallacies": {
    "alias": "  - logical_fallacies",
    "acc,none": 0.4049079754601227,
    "acc_stderr,none": 0.038566721635489125
  },
  "mmlu_moral_disputes": {
    "alias": "  - moral_disputes",
    "acc,none": 0.34971098265895956,
    "acc_stderr,none": 0.025674281456531015
  },
  "mmlu_moral_scenarios": {
    "alias": "  - moral_scenarios",
    "acc,none": 0.2446927374301676,
    "acc_stderr,none": 0.014378169884098393
  },
  "mmlu_philosophy": {
    "alias": "  - philosophy",
    "acc,none": 0.40192926045016075,
    "acc_stderr,none": 0.027846476005930505
  },
  "mmlu_prehistory": {
    "alias": "  - prehistory",
    "acc,none": 0.3765432098765432,
    "acc_stderr,none": 0.026959344518747756
  },
  "mmlu_professional_law": {
    "alias": "  - professional_law",
    "acc,none": 0.32659713168187743,
    "acc_stderr,none": 0.011977676704715844
  },
  "mmlu_world_religions": {
    "alias": "  - world_religions",
    "acc,none": 0.34502923976608185,
    "acc_stderr,none": 0.03645981377388805
  },
  "mmlu_other": {
    "acc,none": 0.4061795944641133,
    "acc_stderr,none": 0.008704845739597776,
    "alias": " - other"
  },
  "mmlu_business_ethics": {
    "alias": "  - business_ethics",
    "acc,none": 0.34,
    "acc_stderr,none": 0.04760952285695233
  },
  "mmlu_clinical_knowledge": {
    "alias": "  - clinical_knowledge",
    "acc,none": 0.4339622641509434,
    "acc_stderr,none": 0.03050329201334261
  },
  "mmlu_college_medicine": {
    "alias": "  - college_medicine",
    "acc,none": 0.4393063583815029,
    "acc_stderr,none": 0.037842719328874674
  },
  "mmlu_global_facts": {
    "alias": "  - global_facts",
    "acc,none": 0.25,
    "acc_stderr,none": 0.04351941398892446
  },
  "mmlu_human_aging": {
    "alias": "  - human_aging",
    "acc,none": 0.2825112107623318,
    "acc_stderr,none": 0.03021683101150876
  },
  "mmlu_management": {
    "alias": "  - management",
    "acc,none": 0.5922330097087378,
    "acc_stderr,none": 0.048657775704107696
  },
  "mmlu_marketing": {
    "alias": "  - marketing",
    "acc,none": 0.5854700854700855,
    "acc_stderr,none": 0.03227396567623773
  },
  "mmlu_medical_genetics": {
    "alias": "  - medical_genetics",
    "acc,none": 0.3,
    "acc_stderr,none": 0.04605661864718382
  },
  "mmlu_miscellaneous": {
    "alias": "  - miscellaneous",
    "acc,none": 0.41379310344827586,
    "acc_stderr,none": 0.01761220408466377
  },
  "mmlu_nutrition": {
    "alias": "  - nutrition",
    "acc,none": 0.4477124183006536,
    "acc_stderr,none": 0.028472938478033536
  },
  "mmlu_professional_accounting": {
    "alias": "  - professional_accounting",
    "acc,none": 0.3546099290780142,
    "acc_stderr,none": 0.0285386500288787
  },
  "mmlu_professional_medicine": {
    "alias": "  - professional_medicine",
    "acc,none": 0.3713235294117647,
    "acc_stderr,none": 0.029349803139765818
  },
  "mmlu_virology": {
    "alias": "  - virology",
    "acc,none": 0.35542168674698793,
    "acc_stderr,none": 0.03726214354322416
  },
  "mmlu_social_sciences": {
    "acc,none": 0.433539161520962,
    "acc_stderr,none": 0.008809696717868208,
    "alias": " - social sciences"
  },
  "mmlu_econometrics": {
    "alias": "  - econometrics",
    "acc,none": 0.2719298245614035,
    "acc_stderr,none": 0.04185774424022053
  },
  "mmlu_high_school_geography": {
    "alias": "  - high_school_geography",
    "acc,none": 0.5404040404040404,
    "acc_stderr,none": 0.03550702465131341
  },
  "mmlu_high_school_government_and_politics": {
    "alias": "  - high_school_government_and_politics",
    "acc,none": 0.40414507772020725,
    "acc_stderr,none": 0.0354150857888402
  },
  "mmlu_high_school_macroeconomics": {
    "alias": "  - high_school_macroeconomics",
    "acc,none": 0.41794871794871796,
    "acc_stderr,none": 0.02500732988246114
  },
  "mmlu_high_school_microeconomics": {
    "alias": "  - high_school_microeconomics",
    "acc,none": 0.46638655462184875,
    "acc_stderr,none": 0.032405014476900695
  },
  "mmlu_high_school_psychology": {
    "alias": "  - high_school_psychology",
    "acc,none": 0.5192660550458715,
    "acc_stderr,none": 0.02142140298254885
  },
  "mmlu_human_sexuality": {
    "alias": "  - human_sexuality",
    "acc,none": 0.40458015267175573,
    "acc_stderr,none": 0.04304693795380667
  },
  "mmlu_professional_psychology": {
    "alias": "  - professional_psychology",
    "acc,none": 0.315359477124183,
    "acc_stderr,none": 0.01879808628488684
  },
  "mmlu_public_relations": {
    "alias": "  - public_relations",
    "acc,none": 0.32727272727272727,
    "acc_stderr,none": 0.04494290866252085
  },
  "mmlu_security_studies": {
    "alias": "  - security_studies",
    "acc,none": 0.47346938775510206,
    "acc_stderr,none": 0.031964127345232775
  },
  "mmlu_sociology": {
    "alias": "  - sociology",
    "acc,none": 0.5572139303482587,
    "acc_stderr,none": 0.03512310964123938
  },
  "mmlu_us_foreign_policy": {
    "alias": "  - us_foreign_policy",
    "acc,none": 0.51,
    "acc_stderr,none": 0.05024183937956913
  },
  "mmlu_stem": {
    "acc,none": 0.39200761179828736,
    "acc_stderr,none": 0.00866985673246898,
    "alias": " - stem"
  },
  "mmlu_abstract_algebra": {
    "alias": "  - abstract_algebra",
    "acc,none": 0.3,
    "acc_stderr,none": 0.04605661864718382
  },
  "mmlu_anatomy": {
    "alias": "  - anatomy",
    "acc,none": 0.3925925925925926,
    "acc_stderr,none": 0.04218506215368885
  },
  "mmlu_astronomy": {
    "alias": "  - astronomy",
    "acc,none": 0.45394736842105265,
    "acc_stderr,none": 0.04051646342874143
  },
  "mmlu_college_biology": {
    "alias": "  - college_biology",
    "acc,none": 0.4305555555555556,
    "acc_stderr,none": 0.04140685639111502
  },
  "mmlu_college_chemistry": {
    "alias": "  - college_chemistry",
    "acc,none": 0.45,
    "acc_stderr,none": 0.05
  },
  "mmlu_college_computer_science": {
    "alias": "  - college_computer_science",
    "acc,none": 0.38,
    "acc_stderr,none": 0.04878317312145634
  },
  "mmlu_college_mathematics": {
    "alias": "  - college_mathematics",
    "acc,none": 0.31,
    "acc_stderr,none": 0.04648231987117317
  },
  "mmlu_college_physics": {
    "alias": "  - college_physics",
    "acc,none": 0.3137254901960784,
    "acc_stderr,none": 0.04617034827006717
  },