{
  "arc_challenge": {
    "alias": "arc_challenge",
    "acc,none": 0.32593856655290104,
    "acc_stderr,none": 0.013697432466693353,
    "acc_norm,none": 0.3532423208191126,
    "acc_norm_stderr,none": 0.013967822714840067
  },
  "hellaswag": {
    "alias": "hellaswag",
    "acc,none": 0.39464250149372637,
    "acc_stderr,none": 0.004877748536428776,
    "acc_norm,none": 0.5147380999800837,
    "acc_norm_stderr,none": 0.004987613263678212
  },
  "mmlu": {
    "acc,none": 0.4802022503916821,
    "acc_stderr,none": 0.0041003050023934616,
    "alias": "mmlu"
  },
  "mmlu_humanities": {
    "acc,none": 0.43209351753453773,
    "acc_stderr,none": 0.006947636323993572,
    "alias": " - humanities"
  },
  "mmlu_formal_logic": {
    "alias": "  - formal_logic",
    "acc,none": 0.42857142857142855,
    "acc_stderr,none": 0.04426266681379905
  },
  "mmlu_high_school_european_history": {
    "alias": "  - high_school_european_history",
    "acc,none": 0.6484848484848484,
    "acc_stderr,none": 0.03728206998682653
  },
  "mmlu_high_school_us_history": {
    "alias": "  - high_school_us_history",
    "acc,none": 0.5882352941176471,
    "acc_stderr,none": 0.03454236585380609
  },
  "mmlu_high_school_world_history": {
    "alias": "  - high_school_world_history",
    "acc,none": 0.6540084388185654,
    "acc_stderr,none": 0.030964810588786775
  },
  "mmlu_international_law": {
    "alias": "  - international_law",
    "acc,none": 0.628099173553719,
    "acc_stderr,none": 0.044120158066245085
  },
  "mmlu_jurisprudence": {
    "alias": "  - jurisprudence",
    "acc,none": 0.5740740740740741,
    "acc_stderr,none": 0.04780343626936791
  },
  "mmlu_logical_fallacies": {
    "alias": "  - logical_fallacies",
    "acc,none": 0.6134969325153374,
    "acc_stderr,none": 0.03825825548848611
  },
  "mmlu_moral_disputes": {
    "alias": "  - moral_disputes",
    "acc,none": 0.5115606936416185,
    "acc_stderr,none": 0.026911898686377903
  },
  "mmlu_moral_scenarios": {
    "alias": "  - moral_scenarios",
    "acc,none": 0.24134078212290502,
    "acc_stderr,none": 0.014310999547961547
  },
  "mmlu_philosophy": {
    "alias": "  - philosophy",
    "acc,none": 0.5337620578778135,
    "acc_stderr,none": 0.02833327710956279
  },
  "mmlu_prehistory": {
    "alias": "  - prehistory",
    "acc,none": 0.47530864197530864,
    "acc_stderr,none": 0.027786800931427418
  },
  "mmlu_professional_law": {
    "alias": "  - professional_law",
    "acc,none": 0.3546284224250326,
    "acc_stderr,none": 0.012218576439090188
  },
  "mmlu_world_religions": {
    "alias": "  - world_religions",
    "acc,none": 0.5964912280701754,
    "acc_stderr,none": 0.03762738699917055
  },
  "mmlu_other": {
    "acc,none": 0.5078854200193113,
    "acc_stderr,none": 0.008822525792919415,
    "alias": " - other"
  },
  "mmlu_business_ethics": {
    "alias": "  - business_ethics",
    "acc,none": 0.51,
    "acc_stderr,none": 0.05024183937956913
  },
  "mmlu_clinical_knowledge": {
    "alias": "  - clinical_knowledge",
    "acc,none": 0.4981132075471698,
    "acc_stderr,none": 0.030772653642075643
  },
  "mmlu_college_medicine": {
    "alias": "  - college_medicine",
    "acc,none": 0.4682080924855491,
    "acc_stderr,none": 0.03804749744364767
  },
  "mmlu_global_facts": {
    "alias": "  - global_facts",
    "acc,none": 0.37,
    "acc_stderr,none": 0.048523658709390974
  },
  "mmlu_human_aging": {
    "alias": "  - human_aging",
    "acc,none": 0.4798206278026906,
    "acc_stderr,none": 0.03353046167412299
  },
  "mmlu_management": {
    "alias": "  - management",
    "acc,none": 0.5825242718446602,
    "acc_stderr,none": 0.04882840548212234
  },
  "mmlu_marketing": {
    "alias": "  - marketing",
    "acc,none": 0.7350427350427351,
    "acc_stderr,none": 0.02891120880274955
  },
  "mmlu_medical_genetics": {
    "alias": "  - medical_genetics",
    "acc,none": 0.48,
    "acc_stderr,none": 0.05021167315686783
  },
  "mmlu_miscellaneous": {
    "alias": "  - miscellaneous",
    "acc,none": 0.5708812260536399,
    "acc_stderr,none": 0.017699388483126768
  },
  "mmlu_nutrition": {
    "alias": "  - nutrition",
    "acc,none": 0.5098039215686274,
    "acc_stderr,none": 0.028624412550168028
  },
  "mmlu_professional_accounting": {
    "alias": "  - professional_accounting",
    "acc,none": 0.3546099290780142,
    "acc_stderr,none": 0.0285386500288787
  },
  "mmlu_professional_medicine": {
    "alias": "  - professional_medicine",
    "acc,none": 0.45588235294117646,
    "acc_stderr,none": 0.030254372573976694
  },
  "mmlu_virology": {
    "alias": "  - virology",
    "acc,none": 0.3795180722891566,
    "acc_stderr,none": 0.03777798822748018
  },
  "mmlu_social_sciences": {
    "acc,none": 0.550211244718882,
    "acc_stderr,none": 0.008836984333733889,
    "alias": " - social sciences"
  },
  "mmlu_econometrics": {
    "alias": "  - econometrics",
    "acc,none": 0.35964912280701755,
    "acc_stderr,none": 0.04514496132873635
  },
  "mmlu_high_school_geography": {
    "alias": "  - high_school_geography",
    "acc,none": 0.5555555555555556,
    "acc_stderr,none": 0.035402943770953675
  },
  "mmlu_high_school_government_and_politics": {
    "alias": "  - high_school_government_and_politics",
    "acc,none": 0.538860103626943,
    "acc_stderr,none": 0.03597524411734576
  },
  "mmlu_high_school_macroeconomics": {
    "alias": "  - high_school_macroeconomics",
    "acc,none": 0.49743589743589745,
    "acc_stderr,none": 0.02535067297941225
  },
  "mmlu_high_school_microeconomics": {
    "alias": "  - high_school_microeconomics",
    "acc,none": 0.5672268907563025,
    "acc_stderr,none": 0.03218358107742608
  },
  "mmlu_high_school_psychology": {
    "alias": "  - high_school_psychology",
    "acc,none": 0.6990825688073394,
    "acc_stderr,none": 0.0196647513668021
  },
  "mmlu_human_sexuality": {
    "alias": "  - human_sexuality",
    "acc,none": 0.5572519083969466,
    "acc_stderr,none": 0.04356447202665066
  },
  "mmlu_professional_psychology": {
    "alias": "  - professional_psychology",
    "acc,none": 0.4493464052287582,
    "acc_stderr,none": 0.020123766528027286
  },
  "mmlu_public_relations": {
    "alias": "  - public_relations",
    "acc,none": 0.5181818181818182,
    "acc_stderr,none": 0.04785964010794916
  },
  "mmlu_security_studies": {
    "alias": "  - security_studies",
    "acc,none": 0.5795918367346938,
    "acc_stderr,none": 0.03160106993449603
  },
  "mmlu_sociology": {
    "alias": "  - sociology",
    "acc,none": 0.6218905472636815,
    "acc_stderr,none": 0.03428867848778662
  },
  "mmlu_us_foreign_policy": {
    "alias": "  - us_foreign_policy",
    "acc,none": 0.56,
    "acc_stderr,none": 0.049888765156985884
  },
  "mmlu_stem": {
    "acc,none": 0.4563907389787504,
    "acc_stderr,none": 0.008719344744944362,
    "alias": " - stem"
  },
  "mmlu_abstract_algebra": {
    "alias": "  - abstract_algebra",
    "acc,none": 0.3,
    "acc_stderr,none": 0.04605661864718382
  },
  "mmlu_anatomy": {
    "alias": "  - anatomy",
    "acc,none": 0.37777777777777777,
    "acc_stderr,none": 0.041883075375958506
  },
  "mmlu_astronomy": {
    "alias": "  - astronomy",
    "acc,none": 0.5328947368421053,
    "acc_stderr,none": 0.04060127035236401
  },
  "mmlu_college_biology": {
    "alias": "  - college_biology",
    "acc,none": 0.5208333333333334,
    "acc_stderr,none": 0.04177578950739996
  },
  "mmlu_college_chemistry": {
    "alias": "  - college_chemistry",
    "acc,none": 0.4,
    "acc_stderr,none": 0.0492365963917331
  },
  "mmlu_college_computer_science": {
    "alias": "  - college_computer_science",
    "acc,none": 0.41,
    "acc_stderr,none": 0.04943110704237104
  },
  "mmlu_college_mathematics": {
    "alias": "  - college_mathematics",
    "acc,none": 0.31,
    "acc_stderr,none": 0.04648231987117317
  },
  "mmlu_college_physics": {
    "alias": "  - college_physics",
    "acc,none": 0.2647058823529412,
    "acc_stderr,none": 0.043898699568087764
  },