{
  "arc_challenge": {
    "alias": "arc_challenge",
    "acc,none": 0.3293515358361775,
    "acc_stderr,none": 0.013734057652635537,
    "acc_norm,none": 0.3506825938566553,
    "acc_norm_stderr,none": 0.01394463593072613
  },
  "hellaswag": {
    "alias": "hellaswag",
    "acc,none": 0.40619398526190004,
    "acc_stderr,none": 0.004901178917900866,
    "acc_norm,none": 0.5285799641505676,
    "acc_norm_stderr,none": 0.004981623292196158
  },
  "mmlu": {
    "acc,none": 0.5054123344252955,
    "acc_stderr,none": 0.0040967834464894414,
    "alias": "mmlu"
  },
  "mmlu_humanities": {
    "acc,none": 0.4505844845908608,
    "acc_stderr,none": 0.006967547910085938,
    "alias": " - humanities"
  },
  "mmlu_formal_logic": {
    "alias": "  - formal_logic",
    "acc,none": 0.4365079365079365,
    "acc_stderr,none": 0.044359328928514664
  },
  "mmlu_high_school_european_history": {
    "alias": "  - high_school_european_history",
    "acc,none": 0.6363636363636364,
    "acc_stderr,none": 0.03756335775187897
  },
  "mmlu_high_school_us_history": {
    "alias": "  - high_school_us_history",
    "acc,none": 0.5637254901960784,
    "acc_stderr,none": 0.03480693138457044
  },
  "mmlu_high_school_world_history": {
    "alias": "  - high_school_world_history",
    "acc,none": 0.6877637130801688,
    "acc_stderr,none": 0.030165137867847056
  },
  "mmlu_international_law": {
    "alias": "  - international_law",
    "acc,none": 0.628099173553719,
    "acc_stderr,none": 0.044120158066245085
  },
  "mmlu_jurisprudence": {
    "alias": "  - jurisprudence",
    "acc,none": 0.5925925925925926,
    "acc_stderr,none": 0.04750077341199984
  },
  "mmlu_logical_fallacies": {
    "alias": "  - logical_fallacies",
    "acc,none": 0.6441717791411042,
    "acc_stderr,none": 0.03761521380046734
  },
  "mmlu_moral_disputes": {
    "alias": "  - moral_disputes",
    "acc,none": 0.5260115606936416,
    "acc_stderr,none": 0.026882643434022895
  },
  "mmlu_moral_scenarios": {
    "alias": "  - moral_scenarios",
    "acc,none": 0.25027932960893856,
    "acc_stderr,none": 0.014487500852850398
  },
  "mmlu_philosophy": {
    "alias": "  - philosophy",
    "acc,none": 0.5594855305466238,
    "acc_stderr,none": 0.028196400574197446
  },
  "mmlu_prehistory": {
    "alias": "  - prehistory",
    "acc,none": 0.5123456790123457,
    "acc_stderr,none": 0.027812262269327277
  },
  "mmlu_professional_law": {
    "alias": "  - professional_law",
    "acc,none": 0.37614080834419816,
    "acc_stderr,none": 0.012372214430599956
  },
  "mmlu_world_religions": {
    "alias": "  - world_religions",
    "acc,none": 0.6666666666666666,
    "acc_stderr,none": 0.036155076303109365
  },
  "mmlu_other": {
    "acc,none": 0.5510138397167685,
    "acc_stderr,none": 0.008728979153849778,
    "alias": " - other"
  },
  "mmlu_business_ethics": {
    "alias": "  - business_ethics",
    "acc,none": 0.58,
    "acc_stderr,none": 0.04960449637488582
  },
  "mmlu_clinical_knowledge": {
    "alias": "  - clinical_knowledge",
    "acc,none": 0.6,
    "acc_stderr,none": 0.03015113445777636
  },
  "mmlu_college_medicine": {
    "alias": "  - college_medicine",
    "acc,none": 0.5375722543352601,
    "acc_stderr,none": 0.03801685104524462
  },
  "mmlu_global_facts": {
    "alias": "  - global_facts",
    "acc,none": 0.24,
    "acc_stderr,none": 0.04292346959909278
  },
  "mmlu_human_aging": {
    "alias": "  - human_aging",
    "acc,none": 0.5605381165919282,
    "acc_stderr,none": 0.03331092511038186
  },
  "mmlu_management": {
    "alias": "  - management",
    "acc,none": 0.6310679611650486,
    "acc_stderr,none": 0.0477761518115674
  },
  "mmlu_marketing": {
    "alias": "  - marketing",
    "acc,none": 0.7478632478632479,
    "acc_stderr,none": 0.02844796547623104
  },
  "mmlu_medical_genetics": {
    "alias": "  - medical_genetics",
    "acc,none": 0.6,
    "acc_stderr,none": 0.0492365963917331
  },
  "mmlu_miscellaneous": {
    "alias": "  - miscellaneous",
    "acc,none": 0.6015325670498084,
    "acc_stderr,none": 0.01750743860277741
  },
  "mmlu_nutrition": {
    "alias": "  - nutrition",
    "acc,none": 0.5751633986928104,
    "acc_stderr,none": 0.028304576673141103
  },
  "mmlu_professional_accounting": {
    "alias": "  - professional_accounting",
    "acc,none": 0.36879432624113473,
    "acc_stderr,none": 0.028782227561347212
  },
  "mmlu_professional_medicine": {
    "alias": "  - professional_medicine",
    "acc,none": 0.49264705882352944,
    "acc_stderr,none": 0.03036955252390212
  },
  "mmlu_virology": {
    "alias": "  - virology",
    "acc,none": 0.40963855421686746,
    "acc_stderr,none": 0.03828401115079023
  },
  "mmlu_social_sciences": {
    "acc,none": 0.5654858628534286,
    "acc_stderr,none": 0.00879270569646911,
    "alias": " - social sciences"
  },
  "mmlu_econometrics": {
    "alias": "  - econometrics",
    "acc,none": 0.3684210526315789,
    "acc_stderr,none": 0.04537815354939394
  },
  "mmlu_high_school_geography": {
    "alias": "  - high_school_geography",
    "acc,none": 0.6363636363636364,
    "acc_stderr,none": 0.03427308652999934
  },
  "mmlu_high_school_government_and_politics": {
    "alias": "  - high_school_government_and_politics",
    "acc,none": 0.5699481865284974,
    "acc_stderr,none": 0.03572954333144807
  },
  "mmlu_high_school_macroeconomics": {
    "alias": "  - high_school_macroeconomics",
    "acc,none": 0.5025641025641026,
    "acc_stderr,none": 0.02535067297941225
  },
  "mmlu_high_school_microeconomics": {
    "alias": "  - high_school_microeconomics",
    "acc,none": 0.5462184873949579,
    "acc_stderr,none": 0.03233943468182083
  },
  "mmlu_high_school_psychology": {
    "alias": "  - high_school_psychology",
    "acc,none": 0.7137614678899082,
    "acc_stderr,none": 0.01937943662891992
  },
  "mmlu_human_sexuality": {
    "alias": "  - human_sexuality",
    "acc,none": 0.5267175572519084,
    "acc_stderr,none": 0.04379024936553895
  },
  "mmlu_professional_psychology": {
    "alias": "  - professional_psychology",
    "acc,none": 0.4722222222222222,
    "acc_stderr,none": 0.020196594933541128
  },
  "mmlu_public_relations": {
    "alias": "  - public_relations",
    "acc,none": 0.5,
    "acc_stderr,none": 0.04789131426105757
  },
  "mmlu_security_studies": {
    "alias": "  - security_studies",
    "acc,none": 0.5755102040816327,
    "acc_stderr,none": 0.0316420948794294
  },
  "mmlu_sociology": {
    "alias": "  - sociology",
    "acc,none": 0.6567164179104478,
    "acc_stderr,none": 0.033573796654334305
  },
  "mmlu_us_foreign_policy": {
    "alias": "  - us_foreign_policy",
    "acc,none": 0.61,
    "acc_stderr,none": 0.04902071300001973
  },
  "mmlu_stem": {
    "acc,none": 0.4836663495084047,
    "acc_stderr,none": 0.00878502216105384,
    "alias": " - stem"
  },
  "mmlu_abstract_algebra": {
    "alias": "  - abstract_algebra",
    "acc,none": 0.39,
    "acc_stderr,none": 0.04902071300001973
  },
  "mmlu_anatomy": {
    "alias": "  - anatomy",
    "acc,none": 0.4740740740740741,
    "acc_stderr,none": 0.043135316967505756
  },
  "mmlu_astronomy": {
    "alias": "  - astronomy",
    "acc,none": 0.5921052631578947,
    "acc_stderr,none": 0.03999309712777472
  },
  "mmlu_college_biology": {
    "alias": "  - college_biology",
    "acc,none": 0.5416666666666666,
    "acc_stderr,none": 0.041666666666666664
  },
  "mmlu_college_chemistry": {
    "alias": "  - college_chemistry",
    "acc,none": 0.42,
    "acc_stderr,none": 0.04960449637488583
  },
  "mmlu_college_computer_science": {
    "alias": "  - college_computer_science",
    "acc,none": 0.45,
    "acc_stderr,none": 0.05
  },
  "mmlu_college_mathematics": {
    "alias": "  - college_mathematics",
    "acc,none": 0.39,
    "acc_stderr,none": 0.04902071300001973
  },
  "mmlu_college_physics": {
    "alias": "  - college_physics",
    "acc,none": 0.3333333333333333,
    "acc_stderr,none": 0.04690650298201946
  },
  "mmlu_computer_security": {
    "alias": "  - computer_security",
    "acc,none": 0.65,