{
  "arc_challenge": {
    "alias": "arc_challenge",
    "acc,none": 0.17918088737201365,
    "acc_stderr,none": 0.011207045216615686,
    "acc_norm,none": 0.22781569965870307,
    "acc_norm_stderr,none": 0.012256708602326964
  },
  "hellaswag": {
    "alias": "hellaswag",
    "acc,none": 0.2771360286795459,
    "acc_stderr,none": 0.004466695023677567,
    "acc_norm,none": 0.30920135431189005,
    "acc_norm_stderr,none": 0.004612198061599769
  },
  "mmlu": {
    "acc,none": 0.23650477140008547,
    "acc_stderr,none": 0.003582944776648114,
    "alias": "mmlu"
  },
  "mmlu_humanities": {
    "acc,none": 0.23825717321997875,
    "acc_stderr,none": 0.006213799394632873,
    "alias": " - humanities"
  },
  "mmlu_formal_logic": {
    "alias": "  - formal_logic",
    "acc,none": 0.2698412698412698,
    "acc_stderr,none": 0.0397015827323517
  },
  "mmlu_high_school_european_history": {
    "alias": "  - high_school_european_history",
    "acc,none": 0.23030303030303031,
    "acc_stderr,none": 0.03287666758603482
  },
  "mmlu_high_school_us_history": {
    "alias": "  - high_school_us_history",
    "acc,none": 0.24019607843137256,
    "acc_stderr,none": 0.029983733055913633
  },
  "mmlu_high_school_world_history": {
    "alias": "  - high_school_world_history",
    "acc,none": 0.25738396624472576,
    "acc_stderr,none": 0.028458820991460302
  },
  "mmlu_international_law": {
    "alias": "  - international_law",
    "acc,none": 0.24793388429752067,
    "acc_stderr,none": 0.03941897526516304
  },
  "mmlu_jurisprudence": {
    "alias": "  - jurisprudence",
    "acc,none": 0.26851851851851855,
    "acc_stderr,none": 0.04284467968052193
  },
  "mmlu_logical_fallacies": {
    "alias": "  - logical_fallacies",
    "acc,none": 0.20245398773006135,
    "acc_stderr,none": 0.031570650789119054
  },
  "mmlu_moral_disputes": {
    "alias": "  - moral_disputes",
    "acc,none": 0.24855491329479767,
    "acc_stderr,none": 0.023267528432100153
  },
  "mmlu_moral_scenarios": {
    "alias": "  - moral_scenarios",
    "acc,none": 0.23016759776536314,
    "acc_stderr,none": 0.014078339253425706
  },
  "mmlu_philosophy": {
    "alias": "  - philosophy",
    "acc,none": 0.20257234726688103,
    "acc_stderr,none": 0.022827317491059613
  },
  "mmlu_prehistory": {
    "alias": "  - prehistory",
    "acc,none": 0.2222222222222222,
    "acc_stderr,none": 0.023132376234543416
  },
  "mmlu_professional_law": {
    "alias": "  - professional_law",
    "acc,none": 0.24185136897001303,
    "acc_stderr,none": 0.010936550813827023
  },
  "mmlu_world_religions": {
    "alias": "  - world_religions",
    "acc,none": 0.28654970760233917,
    "acc_stderr,none": 0.03467826685703828
  },
  "mmlu_other": {
    "acc,none": 0.24782748632121018,
    "acc_stderr,none": 0.007735573302063017,
    "alias": " - other"
  },
  "mmlu_business_ethics": {
    "alias": "  - business_ethics",
    "acc,none": 0.3,
    "acc_stderr,none": 0.04605661864718382
  },
  "mmlu_clinical_knowledge": {
    "alias": "  - clinical_knowledge",
    "acc,none": 0.21132075471698114,
    "acc_stderr,none": 0.0251257664848279
  },
  "mmlu_college_medicine": {
    "alias": "  - college_medicine",
    "acc,none": 0.2138728323699422,
    "acc_stderr,none": 0.03126511206173045
  },
  "mmlu_global_facts": {
    "alias": "  - global_facts",
    "acc,none": 0.18,
    "acc_stderr,none": 0.03861229196653691
  },
  "mmlu_human_aging": {
    "alias": "  - human_aging",
    "acc,none": 0.30493273542600896,
    "acc_stderr,none": 0.03089861088247754
  },
  "mmlu_management": {
    "alias": "  - management",
    "acc,none": 0.23300970873786409,
    "acc_stderr,none": 0.041858325989283136
  },
  "mmlu_marketing": {
    "alias": "  - marketing",
    "acc,none": 0.3034188034188034,
    "acc_stderr,none": 0.030118210106942676
  },
  "mmlu_medical_genetics": {
    "alias": "  - medical_genetics",
    "acc,none": 0.29,
    "acc_stderr,none": 0.045604802157206865
  },
  "mmlu_miscellaneous": {
    "alias": "  - miscellaneous",
    "acc,none": 0.24904214559386972,
    "acc_stderr,none": 0.015464676163396064
  },
  "mmlu_nutrition": {
    "alias": "  - nutrition",
    "acc,none": 0.238562091503268,
    "acc_stderr,none": 0.02440439492808785
  },
  "mmlu_professional_accounting": {
    "alias": "  - professional_accounting",
    "acc,none": 0.24468085106382978,
    "acc_stderr,none": 0.025645553622266795
  },
  "mmlu_professional_medicine": {
    "alias": "  - professional_medicine",
    "acc,none": 0.1948529411764706,
    "acc_stderr,none": 0.024060599423487476
  },
  "mmlu_virology": {
    "alias": "  - virology",
    "acc,none": 0.28313253012048195,
    "acc_stderr,none": 0.035072954313705176
  },
  "mmlu_social_sciences": {
    "acc,none": 0.22911927201819954,
    "acc_stderr,none": 0.007573022200864739,
    "alias": " - social sciences"
  },
  "mmlu_econometrics": {
    "alias": "  - econometrics",
    "acc,none": 0.21052631578947367,
    "acc_stderr,none": 0.03835153954399423
  },
  "mmlu_high_school_geography": {
    "alias": "  - high_school_geography",
    "acc,none": 0.21212121212121213,
    "acc_stderr,none": 0.029126522834586777
  },
  "mmlu_high_school_government_and_politics": {
    "alias": "  - high_school_government_and_politics",
    "acc,none": 0.22279792746113988,
    "acc_stderr,none": 0.030031147977641528
  },
  "mmlu_high_school_macroeconomics": {
    "alias": "  - high_school_macroeconomics",
    "acc,none": 0.21794871794871795,
    "acc_stderr,none": 0.020932445774463234
  },
  "mmlu_high_school_microeconomics": {
    "alias": "  - high_school_microeconomics",
    "acc,none": 0.25630252100840334,
    "acc_stderr,none": 0.028359620870533925
  },
  "mmlu_high_school_psychology": {
    "alias": "  - high_school_psychology",
    "acc,none": 0.2018348623853211,
    "acc_stderr,none": 0.017208579357787537
  },
  "mmlu_human_sexuality": {
    "alias": "  - human_sexuality",
    "acc,none": 0.2595419847328244,
    "acc_stderr,none": 0.03844876139785267
  },
  "mmlu_professional_psychology": {
    "alias": "  - professional_psychology",
    "acc,none": 0.26143790849673204,
    "acc_stderr,none": 0.017776947157528176
  },
  "mmlu_public_relations": {
    "alias": "  - public_relations",
    "acc,none": 0.19090909090909092,
    "acc_stderr,none": 0.03764425585984922
  },
  "mmlu_security_studies": {
    "alias": "  - security_studies",
    "acc,none": 0.1836734693877551,
    "acc_stderr,none": 0.024789071332007633
  },
  "mmlu_sociology": {
    "alias": "  - sociology",
    "acc,none": 0.25870646766169153,
    "acc_stderr,none": 0.030965903123573005
  },
  "mmlu_us_foreign_policy": {
    "alias": "  - us_foreign_policy",
    "acc,none": 0.28,
    "acc_stderr,none": 0.045126085985421296
  },
  "mmlu_stem": {
    "acc,none": 0.22993973993022518,
    "acc_stderr,none": 0.00747749912367952,
    "alias": " - stem"
  },
  "mmlu_abstract_algebra": {
    "alias": "  - abstract_algebra",
    "acc,none": 0.2,
    "acc_stderr,none": 0.04020151261036849
  },
  "mmlu_anatomy": {
    "alias": "  - anatomy",
    "acc,none": 0.21481481481481482,
    "acc_stderr,none": 0.03547854198560821
  },
  "mmlu_astronomy": {
    "alias": "  - astronomy",
    "acc,none": 0.21710526315789475,
    "acc_stderr,none": 0.03355045304882925
  },
  "mmlu_college_biology": {
    "alias": "  - college_biology",
    "acc,none": 0.3055555555555556,
    "acc_stderr,none": 0.038520846960085356
  },
  "mmlu_college_chemistry": {
    "alias": "  - college_chemistry",
    "acc,none": 0.22,
    "acc_stderr,none": 0.041633319989322654
  },
  "mmlu_college_computer_science": {
    "alias": "  - college_computer_science",
    "acc,none": 0.3,
    "acc_stderr,none": 0.04605661864718382
  },
  "mmlu_college_mathematics": {
    "alias": "  - college_mathematics",
    "acc,none": 0.26,
    "acc_stderr,none": 0.0440844002276808
  },
  "mmlu_college_physics": {
    "alias": "  - college_physics",
    "acc,none": 0.21568627450980393,
    "acc_stderr,none": 0.04092563958237658
  },