{
  "arc_challenge": {
    "alias": "arc_challenge",
    "acc,none": 0.2022184300341297,
    "acc_stderr,none": 0.011737454431872123,
    "acc_norm,none": 0.24061433447098976,
    "acc_norm_stderr,none": 0.012491468532390682
  },
  "hellaswag": {
    "alias": "hellaswag",
    "acc,none": 0.26239792869946227,
    "acc_stderr,none": 0.00439038677540091,
    "acc_norm,none": 0.27305317665803625,
    "acc_norm_stderr,none": 0.004446173999993977
  },
  "mmlu": {
    "acc,none": 0.22931206380857427,
    "acc_stderr,none": 0.003541781301619853,
    "alias": "mmlu"
  },
  "mmlu_humanities": {
    "acc,none": 0.24229543039319873,
    "acc_stderr,none": 0.006244204926394238,
    "alias": " - humanities"
  },
  "mmlu_formal_logic": {
    "alias": "  - formal_logic",
    "acc,none": 0.29365079365079366,
    "acc_stderr,none": 0.04073524322147127
  },
  "mmlu_high_school_european_history": {
    "alias": "  - high_school_european_history",
    "acc,none": 0.21818181818181817,
    "acc_stderr,none": 0.032250781083062896
  },
  "mmlu_high_school_us_history": {
    "alias": "  - high_school_us_history",
    "acc,none": 0.24509803921568626,
    "acc_stderr,none": 0.030190282453501943
  },
  "mmlu_high_school_world_history": {
    "alias": "  - high_school_world_history",
    "acc,none": 0.270042194092827,
    "acc_stderr,none": 0.02890072190629346
  },
  "mmlu_international_law": {
    "alias": "  - international_law",
    "acc,none": 0.2396694214876033,
    "acc_stderr,none": 0.03896878985070412
  },
  "mmlu_jurisprudence": {
    "alias": "  - jurisprudence",
    "acc,none": 0.25925925925925924,
    "acc_stderr,none": 0.042365112580946315
  },
  "mmlu_logical_fallacies": {
    "alias": "  - logical_fallacies",
    "acc,none": 0.22085889570552147,
    "acc_stderr,none": 0.032591773927421734
  },
  "mmlu_moral_disputes": {
    "alias": "  - moral_disputes",
    "acc,none": 0.24855491329479767,
    "acc_stderr,none": 0.023267528432100153
  },
  "mmlu_moral_scenarios": {
    "alias": "  - moral_scenarios",
    "acc,none": 0.23798882681564246,
    "acc_stderr,none": 0.014242630070574904
  },
  "mmlu_philosophy": {
    "alias": "  - philosophy",
    "acc,none": 0.1864951768488746,
    "acc_stderr,none": 0.022122439772480733
  },
  "mmlu_prehistory": {
    "alias": "  - prehistory",
    "acc,none": 0.21604938271604937,
    "acc_stderr,none": 0.02289916291844576
  },
  "mmlu_professional_law": {
    "alias": "  - professional_law",
    "acc,none": 0.24641460234680573,
    "acc_stderr,none": 0.011005971399927188
  },
  "mmlu_world_religions": {
    "alias": "  - world_religions",
    "acc,none": 0.3216374269005848,
    "acc_stderr,none": 0.03582529442573121
  },
  "mmlu_other": {
    "acc,none": 0.2384937238493724,
    "acc_stderr,none": 0.00762708247702506,
    "alias": " - other"
  },
  "mmlu_business_ethics": {
    "alias": "  - business_ethics",
    "acc,none": 0.3,
    "acc_stderr,none": 0.04605661864718382
  },
  "mmlu_clinical_knowledge": {
    "alias": "  - clinical_knowledge",
    "acc,none": 0.21509433962264152,
    "acc_stderr,none": 0.02528839450289141
  },
  "mmlu_college_medicine": {
    "alias": "  - college_medicine",
    "acc,none": 0.20809248554913296,
    "acc_stderr,none": 0.030952890217749857
  },
  "mmlu_global_facts": {
    "alias": "  - global_facts",
    "acc,none": 0.18,
    "acc_stderr,none": 0.03861229196653691
  },
  "mmlu_human_aging": {
    "alias": "  - human_aging",
    "acc,none": 0.31390134529147984,
    "acc_stderr,none": 0.031146796482972486
  },
  "mmlu_management": {
    "alias": "  - management",
    "acc,none": 0.17475728155339806,
    "acc_stderr,none": 0.03760178006026618
  },
  "mmlu_marketing": {
    "alias": "  - marketing",
    "acc,none": 0.2905982905982906,
    "acc_stderr,none": 0.029745048572674043
  },
  "mmlu_medical_genetics": {
    "alias": "  - medical_genetics",
    "acc,none": 0.3,
    "acc_stderr,none": 0.04605661864718382
  },
  "mmlu_miscellaneous": {
    "alias": "  - miscellaneous",
    "acc,none": 0.23499361430395913,
    "acc_stderr,none": 0.015162024152278372
  },
  "mmlu_nutrition": {
    "alias": "  - nutrition",
    "acc,none": 0.22549019607843138,
    "acc_stderr,none": 0.023929155517351218
  },
  "mmlu_professional_accounting": {
    "alias": "  - professional_accounting",
    "acc,none": 0.23049645390070922,
    "acc_stderr,none": 0.025123739226872346
  },
  "mmlu_professional_medicine": {
    "alias": "  - professional_medicine",
    "acc,none": 0.1801470588235294,
    "acc_stderr,none": 0.0233451636165449
  },
  "mmlu_virology": {
    "alias": "  - virology",
    "acc,none": 0.28313253012048195,
    "acc_stderr,none": 0.035072954313705176
  },
  "mmlu_social_sciences": {
    "acc,none": 0.21774455638609036,
    "acc_stderr,none": 0.007435872907094239,
    "alias": " - social sciences"
  },
  "mmlu_econometrics": {
    "alias": "  - econometrics",
    "acc,none": 0.23684210526315788,
    "acc_stderr,none": 0.03999423879281335
  },
  "mmlu_high_school_geography": {
    "alias": "  - high_school_geography",
    "acc,none": 0.17676767676767677,
    "acc_stderr,none": 0.027178752639044908
  },
  "mmlu_high_school_government_and_politics": {
    "alias": "  - high_school_government_and_politics",
    "acc,none": 0.19689119170984457,
    "acc_stderr,none": 0.028697873971860723
  },
  "mmlu_high_school_macroeconomics": {
    "alias": "  - high_school_macroeconomics",
    "acc,none": 0.20256410256410257,
    "acc_stderr,none": 0.020377660970371435
  },
  "mmlu_high_school_microeconomics": {
    "alias": "  - high_school_microeconomics",
    "acc,none": 0.21008403361344538,
    "acc_stderr,none": 0.026461398717471864
  },
  "mmlu_high_school_psychology": {
    "alias": "  - high_school_psychology",
    "acc,none": 0.1926605504587156,
    "acc_stderr,none": 0.016909276884936104
  },
  "mmlu_human_sexuality": {
    "alias": "  - human_sexuality",
    "acc,none": 0.2595419847328244,
    "acc_stderr,none": 0.03844876139785267
  },
  "mmlu_professional_psychology": {
    "alias": "  - professional_psychology",
    "acc,none": 0.25326797385620914,
    "acc_stderr,none": 0.017593486895366887
  },
  "mmlu_public_relations": {
    "alias": "  - public_relations",
    "acc,none": 0.21818181818181817,
    "acc_stderr,none": 0.03955932861795833
  },
  "mmlu_security_studies": {
    "alias": "  - security_studies",
    "acc,none": 0.18775510204081633,
    "acc_stderr,none": 0.025000256039546167
  },
  "mmlu_sociology": {
    "alias": "  - sociology",
    "acc,none": 0.24378109452736318,
    "acc_stderr,none": 0.03036049015401464
  },
  "mmlu_us_foreign_policy": {
    "alias": "  - us_foreign_policy",
    "acc,none": 0.28,
    "acc_stderr,none": 0.045126085985421296
  },
  "mmlu_stem": {
    "acc,none": 0.21217887725975262,
    "acc_stderr,none": 0.0072680397016605626,
    "alias": " - stem"
  },
  "mmlu_abstract_algebra": {
    "alias": "  - abstract_algebra",
    "acc,none": 0.22,
    "acc_stderr,none": 0.041633319989322654
  },
  "mmlu_anatomy": {
    "alias": "  - anatomy",
    "acc,none": 0.18518518518518517,
    "acc_stderr,none": 0.03355677216313144
  },
  "mmlu_astronomy": {
    "alias": "  - astronomy",
    "acc,none": 0.17105263157894737,
    "acc_stderr,none": 0.030643607071677115
  },
  "mmlu_college_biology": {
    "alias": "  - college_biology",
    "acc,none": 0.2569444444444444,
    "acc_stderr,none": 0.03653946969442102
  },
  "mmlu_college_chemistry": {
    "alias": "  - college_chemistry",
    "acc,none": 0.2,
    "acc_stderr,none": 0.04020151261036849
  },
  "mmlu_college_computer_science": {
    "alias": "  - college_computer_science",
    "acc,none": 0.27,
    "acc_stderr,none": 0.04461960433384737
  },
  "mmlu_college_mathematics": {
    "alias": "  - college_mathematics",
    "acc,none": 0.24,
    "acc_stderr,none": 0.04292346959909278
  },
  "mmlu_college_physics": {
    "alias": "  - college_physics",
    "acc,none": 0.21568627450980393,
    "acc_stderr,none": 0.04092563958237658
  },